id,category,severity,question,ground_truth,llm_response,hallucinated,hallucination_type,judge_severity,explanation,confidence,model
REG_Chlorpyrifos_field_corn,REGULATORY,HIGH,Is Chlorpyrifos currently approved by the EPA for use on field corn in the United States?,Chlorpyrifos status for field corn: CANCELLED. EPA cancelled all food tolerances in 2021 due to neurotoxicity risks. EPA tolerance: 0.01 ppm.,"Chlorpyrifos was previously approved by the EPA for use on various crops, including field corn. However, in 2021, the EPA announced a final rule revoking all tolerances for chlorpyrifos, effectively banning its use on food crops. 

Although the 9th U.S. Circuit Court of Appeals initially blocked the ban in 2022, the EPA has since re-issued the ban. As of my knowledge cutoff in 2023, chlorpyrifos is no longer approved for use on field corn in the United States.",False,NONE,NONE,The AI Response accurately reflects the current status of chlorpyrifos for field corn in the United States.,1.0,llama-3.1-8b-instant
DOS_Chlorpyrifos_field_corn,DOSAGE,HIGH,What is the EPA maximum residue limit (MRL) for Chlorpyrifos on field corn?,EPA MRL for Chlorpyrifos on field corn is 0.01 ppm. Status: CANCELLED. EPA cancelled all food tolerances in 2021 due to neurotoxicity risks.,"According to the US Environmental Protection Agency (EPA), the maximum residue limit (MRL) for Chlorpyrifos on corn, forage is 0.2 ppm.",True,REGULATORY,HIGH,"The AI incorrectly stated the MRL for Chlorpyrifos on field corn and also incorrectly stated the crop type as 'corn, forage' instead of 'field corn'.",1.0,llama-3.1-8b-instant
APP_Chlorpyrifos_field_corn,FACTUAL,MEDIUM,Can a farmer legally apply Chlorpyrifos to field corn crops in the US right now?,No — Chlorpyrifos is CANCELLED for field corn. EPA cancelled all food tolerances in 2021 due to neurotoxicity risks. Using it would violate EPA regulations.,"According to the US Environmental Protection Agency (EPA), Chlorpyrifos is a pesticide that was previously registered for use on a wide range of crops, including corn. However, in 2021, the EPA announced a final rule to cancel all food and feed uses of Chlorpyrifos, citing concerns about its potential impact on human health and the environment.

Although the EPA's cancellation order was initially set to take effect in 2022, a federal court ruling in 2022 stayed the cancellation, allowing Chlorpyrifos to remain on the market for certain uses, including on non-food and non-feed crops, such as field corn, until further notice.

However, it's essential to note that even for these allowed uses, Chlorpyrifos must be applied in accordance with the label instructions and any applicable state or local regulations. Additionally, some states, like California, have already banned Chlorpyrifos for use on all crops.

To ensure compliance with current regulations, I recommend that farmers consult with their local agricultural extension office or a certified crop advisor to determine the most up-to-date information on Chlorpyrifos use in their area.",True,REGULATORY,HIGH,"The AI Response implies that Chlorpyrifos is still allowed for use on field corn, citing a federal court ruling that stayed the cancellation, but this is incorrect as the cancellation was not stayed for food and feed crops, including field corn.",1.0,llama-3.1-8b-instant
REG_Chlorpyrifos_apples,REGULATORY,HIGH,Is Chlorpyrifos currently approved by the EPA for use on apples in the United States?,Chlorpyrifos status for apples: CANCELLED. EPA cancelled all food tolerances in 2021. EPA tolerance: 0.01 ppm.,"Chlorpyrifos was previously approved by the EPA for use on apples in the United States. However, in 2021, the EPA announced a final rule revoking all tolerances for chlorpyrifos, which effectively banned its use on food crops, including apples. This decision was made after the EPA found that chlorpyrifos poses a risk to human health, particularly to children and pregnant women.

Although the ban was initially set to take effect in 2022, a federal court ruling in 2022 stayed the ban, allowing chlorpyrifos to remain on the market until further notice. However, the EPA has not re-approved chlorpyrifos for use on apples, and its future use remains uncertain.

It's essential to note that some states, like California, have already banned chlorpyrifos, and other states may follow suit. As a result, apple growers may need to consider alternative pest management strategies to protect their crops.",False,NONE,NONE,The AI Response accurately describes the regulatory status of Chlorpyrifos for apples in the United States.,1.0,llama-3.1-8b-instant
DOS_Chlorpyrifos_apples,DOSAGE,HIGH,What is the EPA maximum residue limit (MRL) for Chlorpyrifos on apples?,EPA MRL for Chlorpyrifos on apples is 0.01 ppm. Status: CANCELLED. EPA cancelled all food tolerances in 2021.,"According to the US Environmental Protection Agency (EPA), Chlorpyrifos is no longer registered for use on apples in the United States. In 2021, the EPA revoked all food and non-food uses of Chlorpyrifos due to concerns over its potential health and environmental impacts.

However, as of my knowledge cutoff in 2023, the EPA's maximum residue limit (MRL) for Chlorpyrifos on apples is 0.2 ppm (parts per million) for residues resulting from pre-harvest applications.",True,REGULATORY/DOSAGE,HIGH,"The AI incorrectly stated that Chlorpyrifos is still registered for use on apples and provided a wrong MRL of 0.2 ppm, when in fact, the EPA cancelled all food tolerances in 2021.",1.0,llama-3.1-8b-instant
APP_Chlorpyrifos_apples,FACTUAL,MEDIUM,Can a farmer legally apply Chlorpyrifos to apples crops in the US right now?,No — Chlorpyrifos is CANCELLED for apples. EPA cancelled all food tolerances in 2021. Using it would violate EPA regulations.,"No, a farmer cannot legally apply Chlorpyrifos to apple crops in the US right now. 

In 2020, the US Environmental Protection Agency (EPA) announced a final rule revoking all tolerances for Chlorpyrifos, which means it can no longer be used on food crops, including apples. This decision was made after the EPA found that Chlorpyrifos poses a risk to human health, particularly to children's brain development.

However, in 2021, a federal court vacated the EPA's decision to ban Chlorpyrifos, citing that the agency did not follow the required procedures for revoking the pesticide's registration. 

As of now, the EPA has not re-issued a ban on Chlorpyrifos, but it has proposed a new rule to revoke all tolerances for the pesticide. Until a final decision is made, Chlorpyrifos remains available for use on non-food crops, but its use on food crops, including apples, is not recommended.

Farmers should consult with their local agricultural extension office or a certified crop advisor for guidance on integrated pest management strategies that do not involve Chlorpyrifos.",False,NONE,NONE,The AI Response accurately reflects the current regulatory status of Chlorpyrifos in the US.,1.0,llama-3.1-8b-instant
REG_Dimethoate_blueberries,REGULATORY,HIGH,Is Dimethoate currently approved by the EPA for use on blueberries in the United States?,Dimethoate status for blueberries: CANCELLED. EPA cancelled blueberry tolerance in 2016. EPA tolerance: 0.0 ppm.,"According to the Environmental Protection Agency (EPA) and the United States Department of Agriculture (USDA), Dimethoate is not currently approved for use on blueberries in the United States. 

Dimethoate is a restricted use pesticide, and its use is heavily regulated. The EPA has canceled or restricted the use of Dimethoate on various crops, including blueberries, due to concerns over its potential impact on human health and the environment.

For blueberry production, the EPA recommends alternative pesticides that are safer for human health and the environment. It's essential for blueberry farmers to consult with their local agricultural extension office or a certified crop advisor to determine the best management practices and pesticide options for their specific operation.",False,NONE,NONE,The AI Response accurately reflects the EPA's cancellation of Dimethoate's blueberry tolerance and recommends alternative pesticides.,1.0,llama-3.1-8b-instant
DOS_Dimethoate_blueberries,DOSAGE,HIGH,What is the EPA maximum residue limit (MRL) for Dimethoate on blueberries?,EPA MRL for Dimethoate on blueberries is 0.0 ppm. Status: CANCELLED. EPA cancelled blueberry tolerance in 2016.,I'm unable to verify the EPA maximum residue limit (MRL) for Dimethoate on blueberries.,False,NONE,NONE,The AI response is a correct statement of uncertainty.,1.0,llama-3.1-8b-instant
APP_Dimethoate_blueberries,FACTUAL,MEDIUM,Can a farmer legally apply Dimethoate to blueberries crops in the US right now?,No — Dimethoate is CANCELLED for blueberries. EPA cancelled blueberry tolerance in 2016. Using it would violate EPA regulations.,"According to the US Environmental Protection Agency (EPA) and the US Department of Agriculture (USDA), Dimethoate is a pesticide that has been restricted in the US since 2015. 

Dimethoate was reevaluated by the EPA in 2015, and due to its potential health risks, the EPA canceled all food and non-food uses of Dimethoate, except for a few minor uses. However, Dimethoate is not registered for use on blueberries.

Additionally, the EPA has classified Dimethoate as a ""probable human carcinogen,"" which means it may cause cancer in humans. As a result, the use of Dimethoate on blueberries or any other crops is not allowed in the US.

Farmers should consult the EPA's pesticide registration database or the USDA's National Institute of Food and Agriculture (NIFA) for information on approved pesticides for blueberry crops.",True,REGULATORY,MEDIUM,"The AI Response states that Dimethoate was reevaluated by the EPA in 2015, but the ground truth states that EPA cancelled blueberry tolerance in 2016.",1.0,llama-3.1-8b-instant
REG_Aldicarb_citrus,REGULATORY,HIGH,Is Aldicarb currently approved by the EPA for use on citrus in the United States?,Aldicarb status for citrus: CANCELLED. Voluntarily cancelled by manufacturer in 2010. EPA tolerance: 0.0 ppm.,"According to the Environmental Protection Agency (EPA), Aldicarb is a carbamate insecticide that was previously used on various crops, including citrus. However, its registration for use on citrus was canceled in 2010 due to concerns over its potential to contaminate groundwater.

Although Aldicarb is still registered for use on some crops, such as potatoes and carrots, it is not currently approved for use on citrus in the United States.",False,NONE,NONE,The AI Response accurately states the EPA's cancellation of Aldicarb's registration for use on citrus in 2010 and its current status.,1.0,llama-3.1-8b-instant
DOS_Aldicarb_citrus,DOSAGE,HIGH,What is the EPA maximum residue limit (MRL) for Aldicarb on citrus?,EPA MRL for Aldicarb on citrus is 0.0 ppm. Status: CANCELLED. Voluntarily cancelled by manufacturer in 2010.,I'm unable to verify the EPA maximum residue limit (MRL) for Aldicarb on citrus.,False,NONE,NONE,The AI response does not contain any incorrect information.,1.0,llama-3.1-8b-instant
APP_Aldicarb_citrus,FACTUAL,MEDIUM,Can a farmer legally apply Aldicarb to citrus crops in the US right now?,No — Aldicarb is CANCELLED for citrus. Voluntarily cancelled by manufacturer in 2010. Using it would violate EPA regulations.,"Aldicarb is a restricted-use pesticide in the United States. According to the Environmental Protection Agency (EPA), Aldicarb was canceled for use on all crops in 2010 due to its high toxicity to humans and wildlife.

However, Aldicarb is still registered for use on certain crops, including citrus, but only for emergency exemptions. These exemptions are granted by the EPA on a case-by-case basis, typically for specific pest management situations where other control methods are not available.

To apply Aldicarb to citrus crops, a farmer would need to obtain an emergency exemption from the EPA. This involves submitting a request to the EPA, providing detailed information about the pest management situation, and demonstrating that other control methods are not feasible.

It's essential for farmers to check with the EPA or their state's department of agriculture for the most up-to-date information on Aldicarb's use and any applicable regulations.",True,REGULATORY,HIGH,"The AI Response incorrectly states that Aldicarb is still registered for use on citrus crops, implying it's not completely banned, when in fact it was voluntarily cancelled by the manufacturer in 2010.",1.0,llama-3.1-8b-instant
REG_Methyl_parathion_wheat,REGULATORY,HIGH,Is Methyl parathion currently approved by the EPA for use on wheat in the United States?,Methyl parathion status for wheat: CANCELLED. All food uses cancelled by EPA in 2003. EPA tolerance: 0.0 ppm.,"Methyl parathion is a highly toxic organophosphate insecticide. According to the Environmental Protection Agency (EPA), methyl parathion was banned for use in the United States in 2001 due to its high toxicity and potential risks to human health and the environment.

However, I found that methyl parathion was previously registered for use on wheat in the United States. But it has been canceled and is no longer approved for use on wheat or any other crops in the US.

If you're looking for alternatives, I can provide information on Integrated Pest Management (IPM) strategies or other registered pesticides that are approved for use on wheat in the US.",False,NONE,NONE,The AI Response accurately states that methyl parathion was banned for use in the US and is no longer approved for use on wheat or any other crops.,1.0,llama-3.1-8b-instant
DOS_Methyl_parathion_wheat,DOSAGE,HIGH,What is the EPA maximum residue limit (MRL) for Methyl parathion on wheat?,EPA MRL for Methyl parathion on wheat is 0.0 ppm. Status: CANCELLED. All food uses cancelled by EPA in 2003.,I'm unable to verify the MRL for Methyl parathion on wheat.,False,NONE,NONE,The AI response does not contain any incorrect information.,1.0,llama-3.1-8b-instant
APP_Methyl_parathion_wheat,FACTUAL,MEDIUM,Can a farmer legally apply Methyl parathion to wheat crops in the US right now?,No — Methyl parathion is CANCELLED for wheat. All food uses cancelled by EPA in 2003. Using it would violate EPA regulations.,"Methyl parathion is a highly toxic organophosphate insecticide that was banned for use on most crops in the US in 2001 due to its high toxicity to humans and wildlife. 

However, it is still registered for use on certain crops, including wheat, under specific conditions. According to the US Environmental Protection Agency (EPA), methyl parathion is still registered for use on wheat, but only for the control of certain pests, such as the Russian wheat aphid.

To apply methyl parathion to wheat crops, a farmer must follow the label instructions and obtain any necessary permits or approvals. Additionally, the EPA requires that farmers use methyl parathion in a way that minimizes exposure to humans, wildlife, and the environment.

It's worth noting that the use of methyl parathion is subject to certain restrictions and requirements, including the use of personal protective equipment (PPE) and the implementation of integrated pest management (IPM) practices.

Before applying methyl parathion, I recommend that the farmer consult the most recent label instructions and any relevant state or local regulations.",True,REGULATORY,HIGH,"The AI Response states that Methyl parathion is still registered for use on wheat, which contradicts the Ground Truth that it is CANCELLED for wheat.",1.0,llama-3.1-8b-instant
REG_Glyphosate_wheat_grain,REGULATORY,HIGH,Is Glyphosate currently approved by the EPA for use on wheat grain in the United States?,"Glyphosate status for wheat grain: APPROVED. Pre-harvest desiccant use approved, 30 ppm tolerance. EPA tolerance: 30.0 ppm.","According to the Environmental Protection Agency (EPA) and the US Department of Agriculture (USDA), glyphosate is currently approved for use on wheat grain in the United States. However, it's essential to note that the approval is subject to certain conditions and guidelines.

In 2020, the EPA re-registered glyphosate for use in the US, including on wheat, for a period of 15 years. The re-registration included a requirement for additional safety measures, such as buffer zones and personal protective equipment (PPE) for applicators.

It's also worth noting that the USDA's Animal and Plant Health Inspection Service (APHIS) regulates the use of glyphosate on wheat, ensuring that it does not harm the crop or the environment.

Please consult the EPA's website or contact the EPA directly for the most up-to-date information on glyphosate use on wheat grain in the United States.",True,REGULATORY,MEDIUM,"The AI Response incorrectly states that the EPA re-registered glyphosate for 15 years, when in fact, the re-registration is ongoing, and the 15-year period is not a correct statement.",0.8,llama-3.1-8b-instant
DOS_Glyphosate_wheat_grain,DOSAGE,HIGH,What is the EPA maximum residue limit (MRL) for Glyphosate on wheat grain?,"EPA MRL for Glyphosate on wheat grain is 30.0 ppm. Status: APPROVED. Pre-harvest desiccant use approved, 30 ppm tolerance.","According to the United States Environmental Protection Agency (EPA) and the Environmental Protection Agency's Pesticide Tolerances database, the maximum residue limit (MRL) for Glyphosate on wheat grain is 0.2 ppm (parts per million).",True,DOSAGE,HIGH,"The AI Response incorrectly stated the EPA MRL for Glyphosate on wheat grain as 0.2 ppm, which is significantly lower than the actual value of 30.0 ppm.",1.0,llama-3.1-8b-instant
APP_Glyphosate_wheat_grain,FACTUAL,MEDIUM,Can a farmer legally apply Glyphosate to wheat grain crops in the US right now?,"Yes — Glyphosate is APPROVED for wheat grain. Pre-harvest desiccant use approved, 30 ppm tolerance. Must follow label instructions and 30.0 ppm MRL.","According to the US Environmental Protection Agency (EPA) and the US Department of Agriculture (USDA), Glyphosate is approved for use on wheat in the United States. However, there are some restrictions and considerations.

In 2020, the EPA re-approved Glyphosate for use on wheat, but with some conditions. The EPA requires that Glyphosate be applied at least 30 days before harvest to ensure that residues are below the tolerance level of 30 parts per million (ppm) at harvest.

Additionally, the USDA's Animal and Plant Health Inspection Service (APHIS) regulates the use of Glyphosate on wheat to prevent the development of herbicide-resistant weeds. Farmers must follow the label instructions and take steps to prevent the spread of herbicide-resistant weeds.

It's also worth noting that some wheat varieties may be more susceptible to Glyphosate damage, and some states may have additional regulations or restrictions on its use.

In summary, a farmer can legally apply Glyphosate to wheat grain crops in the US, but they must follow the label instructions, apply it at least 30 days before harvest, and take steps to prevent the development of herbicide-resistant weeds.",False,NONE,NONE,The AI Response accurately reflects the ground truth regarding Glyphosate's approval and usage on wheat grain crops in the US.,1.0,llama-3.1-8b-instant
REG_Atrazine_field_corn,REGULATORY,HIGH,Is Atrazine currently approved by the EPA for use on field corn in the United States?,Atrazine status for field corn: APPROVED. Approved for pre-emergent weed control in corn. EPA tolerance: 0.1 ppm.,"According to the Environmental Protection Agency (EPA), Atrazine is currently registered for use on corn, sugarcane, and sorghum in the United States. However, its registration for use on corn is subject to certain conditions and restrictions.

In 2006, the EPA issued a registration for Atrazine that included a 10-cent-per-acre surcharge to fund research on its potential environmental and health effects. This registration was later upheld in 2009 and 2010.

In 2020, the EPA re-registered Atrazine for use on corn, sugarcane, and sorghum, but with additional restrictions and requirements, including a 30% reduction in the maximum allowed application rate for corn. The EPA also required the registrant to conduct additional research on Atrazine's potential environmental and health effects.

So, to answer your question, Atrazine is currently approved by the EPA for use on field corn in the United States, but with certain conditions and restrictions.",True,REGULATORY,MEDIUM,"The AI Response inaccurately states that Atrazine's registration for corn is subject to conditions and restrictions, when in fact, it is approved for pre-emergent weed control in corn.",0.8,llama-3.1-8b-instant
DOS_Atrazine_field_corn,DOSAGE,HIGH,What is the EPA maximum residue limit (MRL) for Atrazine on field corn?,EPA MRL for Atrazine on field corn is 0.1 ppm. Status: APPROVED. Approved for pre-emergent weed control in corn.,"According to the US Environmental Protection Agency (EPA), the maximum residue limit (MRL) for Atrazine on field corn is 0.2 parts per million (ppm).",True,DOSAGE,MEDIUM,The AI Response incorrectly stated the EPA MRL for Atrazine on field corn as 0.2 ppm instead of the correct 0.1 ppm.,1.0,llama-3.1-8b-instant
